{"R19": 100545.91699968996, "R17": 9919.896517328825, "R15": 999.8131865561537, "R13": 100.02221198162482, "R11": 10.925455164286051, "R9": 0.9566320591635891, "R2": 0.06706018495107109, "R1": -0.020745797908740746, "R_FET": 0.05040999874472618}