{"R19": 100605.046875, "R17": 9966.88671875, "R15": 999.8601684570312, "R13": 100.06320190429688, "R11": 10.9326753616333, "R9": 0.9571189284324646, "R2": 0.0671243891119957, "R1": -0.020660288631916046, "R_FET": 0.05040999874472618}